Date,act_heat_index,act_heat_index_smart,animal_activity,heat_index,low_pass_over_activity,percentile60_of_5day_temp,stomach_temp,temp_dec_index,temp_height_index,temp_inc_index,temp_without_drink_cycles,CowID,temp_without_drink_cycles_std,Session,AnimalId,Activity(steps/hr),ActivityAverage(steps/hr),ActivityDeviation(%),Yield(gr),YieldAverage(gr),YieldDeviation(%),Fat(%),FatAverage(%),FatDeviation(%),Protein(%),ProteinAverage(%),ProteinDeviation(%),Conductivity,ConductivityAverage,ConductivityDeviation(%),Lactose(%),LactoseAverage(%),LactoseDeviation(%),SCC (*1000/ml),SCCAverage (*1000/ml),SCCDeviation(%),AMT(seconds),AMTAverage(seconds),AMTDeviation(%),Blood(%),BloodAverage(%),BloodDeviation(%),ProductionRate(gr/hr),ProductionRateAverage(gr/hr),ProductionRateDeviation(%),RestBout(#),RestBoutAverage(#),RestBoutDeviation(%),Restlessness,RestlessnessAverage,RestlessnessDeviation(%),RestPerBout(min),RestPerBoutAverage(min),RestPerBoutDeviation(%),RestRatio(%),RestRatioAverage(%),RestRatioDeviation(%),RestTime(min),RestTimeAverage(min),RestTimeDeviation(%),Weight(gr),WeightAverage(gr),WeightDeviation(%)
2018-12-04,,,2.1283125000000003,,4.511416666666667,,,,,,40.09840909090909,10,0.44036952338318724,0,,,,,0.0,0.0,,,,,,,,,,,,,,,,,,,,,,,,,,,,,,,,,,,,,,,,,,,
2018-12-05,,,1.9956250000000015,,4.744902777777778,40.0,,,0.5123555555555557,,40.163124999999994,10,0.370785348248177,0,,,,,0.0,0.0,,,,,,,,,,,,,,,,,,,,,,,,,,,,,,,,,,,,,,,,,,,
2018-12-06,,,2.6340972222222216,,6.064715277777777,40.0,,,0.17932638888888905,,40.1795833333333,10,0.35276306951944963,0,,,,,0.0,0.0,,,,,,,,,,,,,,,,,,,,,,,,,,,,,,,,,,,,,,,,,,,
2018-12-07,,,2.1849027777777765,,5.277256944444446,40.0,,,-0.00953472222222223,0.014525000000000001,39.9904861111111,10,0.3441363566576191,0,,,,,0.0,0.0,,,,,,,,,,,,,,,,,,,,,,,,,,,,,,,,,,,,,,,,,,,
2018-12-08,,,2.299555555555555,,5.597166666666669,40.0,,0.20683333333333334,-0.03279166666666671,0.006104166666666667,39.9672916666667,10,0.38917380435995313,0,,,,,0.0,0.0,,,,,,,,,,,,,,,,,,,,,,,,,,,,,,,,,,,,,,,,,,,
2018-12-09,,,1.801777777777777,,4.293083333333333,40.0,,0.2883333333333334,-0.11206250000000012,0.012097222222222224,39.88784722222225,10,0.3820320405309397,0,,,,,0.0,0.0,,,,,,,,,,,,,,,,,,,,,,,,,,,,,,,,,,,,,,,,,,,
2018-12-10,,,4.076791666666668,,9.457256944444445,40.0,,0.20229166666666668,-0.16311805555555553,0.04660416666666667,39.83673611111108,10,0.38807725757600325,0,,,,,0.0,0.0,,,,,,,,,,,,,,,,,,,,,,,,,,,,,,,,,,,,,,,,,,,
2018-12-11,19.5679,11.6658,4.275465277777777,,10.320972222222219,40.0,,0.10945833333333334,-0.19640972222222225,0.04013888888888889,39.80340277777779,10,0.3286019616846534,0,,,,,0.0,0.0,,,,,,,,,,,,,,,,,,,,,,,,,,,,,,,,,,,,,,,,,,,
2018-12-12,19.27530555555556,10.929611111111107,4.349388888888891,,10.565708333333335,40.0,,0.04116666666666667,-0.18323611111111104,0.02356249999999999,39.81659722222222,10,0.3186513608670758,0,,,,,0.0,0.0,,,,,,,,,,,,,,,,,,,,,,,,,,,,,,,,,,,,,,,,,,,
2018-12-13,16.977611111111106,9.726215277777774,4.467784722222223,,10.56283333333333,40.0,,0.08141666666666668,-0.26002083333333353,0.021708333333333336,39.73979166666666,10,0.36648866600168056,0,,,,,0.0,0.0,,,,,,,,,,,,,,,,,,,,,,,,,,,,,,,,,,,,,,,,,,,
2018-12-14,12.92127083333334,7.063402777777778,4.139763888888887,,10.061777777777781,40.0,,0.018125000000000002,-0.14943055555555557,0.030840277777777782,39.85041666666669,10,0.27616726207745124,0,,,,,0.0,0.0,,,,,,,,,,,,,,,,,,,,,,,,,,,,,,,,,,,,,,,,,,,
2018-12-15,16.005104166666673,2.0251875000000004,4.7674861111111095,,11.13403472222222,40.0,,0.011500000000000002,-0.12613888888888877,0.062069444444444434,39.87381944444446,10,0.2942977810907396,0,,,,,0.0,0.0,,,,,,,,,,,,,,,,,,,,,,,,,,,,,,,,,,,,,,,,,,,
2018-12-16,16.817958333333326,2.9720347222222236,4.697638888888889,,11.35950694444444,40.0,,0.012458333333333333,-0.16922916666666674,0.05639583333333334,39.83062499999998,10,0.35666524382654036,0,,,,,0.0,0.0,,,,,,,,,,,,,,,,,,,,,,,,,,,,,,,,,,,,,,,,,,,
2018-12-17,14.72334722222223,1.892826388888888,5.290347222222219,,12.352062499999994,40.0,,0.0012916666666666667,-0.03774305555555555,0.06772916666666667,39.96222222222226,10,0.3284791069436912,0,,,,,0.0,0.0,,,,,,,,,,,,,,,,,,,,,,,,,,,,,,,,,,,,,,,,,,,
2018-12-18,6.016909722222221,0.836708333333333,4.6370694444444425,,11.18982638888889,40.0,,0.005916666666666667,-0.1086527777777777,0.07724999999999997,39.89131944444443,10,0.33952300256332746,0,,,,,0.0,0.0,,,,,,,,,,,,,,,,,,,,,,,,,,,,,,,,,,,,,,,,,,,
2018-12-19,1.375243055555556,0.13032638888888887,4.493805555555555,,10.774812500000007,40.0,,0.053374999999999985,-0.15108333333333332,0.014048611111111105,39.8489583333333,10,0.3691565111443632,0,,,,,0.0,0.0,,,,,,,,,,,,,,,,,,,,,,,,,,,,,,,,,,,,,,,,,,,
2018-12-20,2.809006944444445,0.2410624999999999,4.378270833333334,,10.167076388888885,40.0,,0.005791666666666667,-0.055076388888888925,0.09412500000000007,39.94493055555556,10,0.3370065603473794,0,,,,,0.0,0.0,,,,,,,,,,,,,,,,,,,,,,,,,,,,,,,,,,,,,,,,,,,
2018-12-21,4.545249999999999,0.32122222222222224,4.81090277777778,,11.56451388888889,40.0,,0.027208333333333334,-0.006902777777777804,0.07368055555555553,39.99319444444442,10,0.35984194816784393,0,,,,,0.0,0.0,,,,,,,,,,,,,,,,,,,,,,,,,,,,,,,,,,,,,,,,,,,
2018-12-22,10.991694444444452,1.9760902777777776,4.8199652777777775,,11.516069444444447,40.0,,0.0012916666666666667,0.00870138888888887,0.1092847222222222,40.00868055555557,10,0.29744658456304574,0,,,,,0.0,0.0,,,,,,,,,,,,,,,,,,,,,,,,,,,,,,,,,,,,,,,,,,,
2018-12-23,3.1783680555555556,0.3474999999999999,4.792590277777777,,11.285729166666671,40.0,,0.005958333333333333,-0.05120138888888887,0.027895833333333342,39.94875000000002,10,0.3241899533824686,0,,,,,0.0,0.0,,,,,,,,,,,,,,,,,,,,,,,,,,,,,,,,,,,,,,,,,,,
2018-12-24,6.307777777777778,0.7645694444444446,4.4585138888888896,,10.771798611111107,40.0,,0.0,0.12113194444444446,0.023895833333333328,40.12125000000001,10,0.27454698860313503,0,,,,,0.0,0.0,,,,,,,,,,,,,,,,,,,,,,,,,,,,,,,,,,,,,,,,,,,
2018-12-25,5.233715277777776,0.5107291666666667,4.795034722222223,,11.412374999999999,40.0,,0.009625,0.027583333333333324,0.08715972222222222,40.0276388888889,10,0.30274498514348347,0,,,,,0.0,0.0,,,,,,,,,,,,,,,,,,,,,,,,,,,,,,,,,,,,,,,,,,,
2018-12-26,12.867243055555551,1.9670763888888918,5.057729166666666,,12.045972222222218,40.0,,0.003625,0.14663888888888896,0.0716875,40.14687499999998,10,0.26508599673377065,0,,,,,0.0,0.0,,,,,,,,,,,,,,,,,,,,,,,,,,,,,,,,,,,,,,,,,,,
2018-12-27,8.647874999999999,1.0065277777777775,5.321270833333333,,12.363229166666667,40.0,,0.29554166666666665,-0.4393888888888893,0.037090277777777785,39.56020833333337,10,0.36095147912111764,0,,,,,0.0,0.0,,,,,,,,,,,,,,,,,,,,,,,,,,,,,,,,,,,,,,,,,,,
2018-12-28,23.09533333333333,6.208159722222223,5.515097222222224,,13.063527777777772,40.0,,0.7935416666666666,-0.8279236111111106,0.0,39.17159722222229,10,0.3233666069799262,0,,,,,0.0,0.0,,,,,,,,,,,,,,,,,,,,,,,,,,,,,,,,,,,,,,,,,,,
2018-12-29,10.147958333333333,1.3117291666666655,5.945548611111111,,13.67648611111111,39.99937499999999,,0.7210416666666668,-0.6850555555555553,0.004145833333333333,39.31388888888888,10,0.26194835104833,0,,,,,0.0,0.0,,,,,,,,,,,,,,,,,,,,,,,,,,,,,,,,,,,,,,,,,,,
2018-12-30,8.323993055555558,1.307333333333333,4.72404861111111,,10.727208333333335,39.84652777777779,,0.3329583333333334,-0.6792430555555551,0.11654861111111109,39.16680555555555,10,0.3301761614521808,0,,,,,0.0,0.0,,,,,,,,,,,,,,,,,,,,,,,,,,,,,,,,,,,,,,,,,,,
2018-12-31,0.0,0.0,3.638319444444446,,7.9389027777777805,39.553124999999945,,0.112,-0.29513888888888895,0.030486111111111117,39.25777777777773,10,0.3387584168065249,0,,,,,0.0,0.0,,,,,,,,,,,,,,,,,,,,,,,,,,,,,,,,,,,,,,,,,,,
2019-01-01,0.042701388888888886,0.0,3.7187013888888885,,8.14856944444444,39.46506944444443,,0.0,0.16345833333333346,0.33411111111111125,39.62888888888891,10,0.3264368155723176,0,,,,,0.0,0.0,,,,,,,,,,,,,,,,,,,,,,,,,,,,,,,,,,,,,,,,,,,
2019-01-02,0.13234722222222225,0.00015277777777777777,3.2712986111111095,,7.056791666666665,39.5234027777779,,0.0,-0.23427083333333348,0.19729166666666673,39.289097222222225,10,0.468937070933537,0,,,,,0.0,0.0,,,,,,,,,,,,,,,,,,,,,,,,,,,,,,,,,,,,,,,,,,,
2019-01-03,4.406833333333334,0.4253472222222221,3.7384791666666675,,8.311104166666668,39.591666666666654,,0.0073750000000000005,-0.1205138888888889,0.035986111111111115,39.4710416666666,10,0.3667409267352882,0,,,,,0.0,0.0,,,,,,,,,,,,,,,,,,,,,,,,,,,,,,,,,,,,,,,,,,,
2019-01-04,3.3297291666666666,0.3431388888888887,3.84751388888889,,8.544583333333337,39.639513888888914,,0.0,-0.21018750000000008,0.008666666666666668,39.42916666666666,10,0.34867280833573283,2,10.0,154.0,152.0,1.5,30722.0,22143.0,40.5,4.734999999999999,5.35,-11.5,2.76,3.4050000000000002,-18.5,8.85,8.6,3.0,5.0649999999999995,4.82,5.0,4630278.0,1782582.0,385.5,248.5,173.5,49.5,0.0,0.0,,1891.5,1464.0,30.0,4.5,3.5,29.0,41.5,35.5,35.5,33.5,66.0,-47.0,31.5,42.5,-21.5,149.0,213.0,-24.5,,,
2019-01-05,0.7957361111111111,0.03222916666666667,3.8221319444444455,,8.290069444444446,39.68180555555558,,0.0,-0.28673611111111114,0.08979861111111108,39.394861111111105,10,0.32519168335710846,3,10.0,184.66666666666666,146.66666666666666,26.0,46792.0,35011.0,35.0,4.6066666666666665,5.286666666666667,-13.0,2.9033333333333338,3.27,-11.333333333333334,8.6,8.6,0.0,5.033333333333334,4.796666666666667,5.333333333333333,2442138.6666666665,913353.3333333334,2963.0,237.66666666666666,187.0,31.333333333333332,0.0,0.0,,1951.3333333333333,1501.3333333333333,30.666666666666668,3.0,3.6666666666666665,-16.666666666666668,53.333333333333336,32.666666666666664,75.66666666666667,49.333333333333336,60.0,-18.666666666666668,29.666666666666668,45.333333333333336,-34.666666666666664,142.0,211.0,-34.0,,,
2019-01-06,3.2309999999999994,0.34081944444444423,3.8255555555555554,,8.632590277777782,39.654236111111175,,0.0,-0.13579166666666667,0.06104861111111109,39.51847222222222,10,0.3817118589707991,2,10.0,153.0,154.5,-0.5,28242.0,25244.0,13.0,4.2,5.2,-19.5,2.81,3.165,-11.0,8.350000000000001,8.649999999999999,-3.5,5.15,4.755,8.5,899.0,2029356.0,-100.0,229.5,206.5,11.5,0.0,0.0,,1962.0,1587.0,32.0,2.5,4.0,-37.5,35.5,31.0,13.0,68.0,63.0,7.5,37.5,48.0,-22.5,173.0,225.5,-24.0,,,
2019-01-07,5.699812499999999,0.5442361111111109,3.965381944444442,,8.965437500000004,39.637569444444395,,0.0,-0.17279861111111117,0.06918749999999999,39.46465277777777,10,0.34605451123699216,3,10.0,144.33333333333334,151.66666666666666,-5.0,48028.0,39078.0,23.666666666666668,4.760000000000001,5.123333333333333,-7.0,3.0066666666666664,3.09,-2.6666666666666665,8.533333333333333,8.566666666666666,-0.3333333333333333,4.93,4.906666666666666,0.3333333333333333,473498.6666666667,331398.0,64.0,235.33333333333334,202.66666666666666,15.666666666666666,0.0,0.0,,2067.3333333333335,1630.0,27.666666666666668,2.3333333333333335,3.3333333333333335,-33.333333333333336,35.666666666666664,40.0,-2.6666666666666665,95.66666666666667,59.0,76.0,33.666666666666664,41.0,-14.0,167.0,193.33333333333334,-10.333333333333334,,,
2019-01-08,2.5315000000000003,0.2450486111111111,3.756576388888889,,8.070458333333333,39.64076388888895,,0.0027083333333333334,-0.19895833333333346,0.021097222222222222,39.44187499999996,10,0.3362773762479772,3,10.0,142.66666666666666,150.0,-5.0,44372.0,40512.0,9.666666666666666,4.66,5.016666666666667,-6.666666666666667,2.74,3.016666666666667,-9.333333333333334,8.466666666666667,8.466666666666667,-0.3333333333333333,4.930000000000001,4.966666666666666,-0.6666666666666666,792258.3333333334,71992.66666666667,759.0,233.0,212.66666666666666,10.0,0.0,0.0,,1845.3333333333333,1704.6666666666667,9.0,4.0,3.3333333333333335,16.666666666666668,29.333333333333332,38.333333333333336,-27.666666666666668,56.666666666666664,61.333333333333336,-7.666666666666667,46.666666666666664,40.0,12.666666666666666,228.33333333333334,193.33333333333334,12.0,,,
2019-01-09,6.033819444444445,0.7451805555555553,3.8445972222222227,,8.301805555555553,39.66034722222223,,0.011625000000000002,-0.23289583333333339,0.049749999999999996,39.42736111111114,10,0.4021567486752487,3,10.0,148.33333333333334,148.66666666666666,-0.3333333333333333,45411.0,42894.0,5.0,4.63,4.953333333333333,-6.333333333333333,2.9166666666666665,3.0033333333333334,-3.0,8.333333333333334,8.466666666666667,-1.6666666666666667,4.883333333333333,5.016666666666667,-2.3333333333333335,7769247.666666667,107354.33333333333,106611.0,224.33333333333334,225.0,-0.6666666666666666,0.0,0.0,,1877.3333333333333,1814.3333333333333,2.6666666666666665,3.3333333333333335,3.3333333333333335,-2.6666666666666665,33.0,37.333333333333336,-10.666666666666666,57.333333333333336,61.0,-6.0,37.0,40.0,-7.0,184.33333333333334,193.0,-5.666666666666667,,,
2019-01-10,3.524305555555555,0.30926388888888884,3.856375,,8.802430555555555,39.68937500000003,,0.043833333333333335,-0.19452777777777783,0.11950694444444444,39.494652777777816,10,0.5468586874578935,3,10.0,151.33333333333334,146.66666666666666,3.0,49997.0,44387.0,12.666666666666666,4.783333333333334,4.876666666666666,-2.0,3.0799999999999996,2.9233333333333333,5.333333333333333,8.299999999999999,8.5,-2.3333333333333335,4.93,5.0233333333333325,-1.6666666666666667,209003.33333333334,154549.33333333334,2496.6666666666665,238.33333333333334,235.33333333333334,0.6666666666666666,0.0,0.0,,2083.0,1880.0,11.0,2.6666666666666665,3.0,-2.6666666666666665,42.0,36.666666666666664,40.0,59.333333333333336,59.0,1.0,32.0,40.0,-11.666666666666666,151.33333333333334,191.66666666666666,-12.0,,,
2019-01-11,0.8975347222222223,0.032159722222222215,3.575180555555554,,7.984062499999997,39.69229166666661,,0.008416666666666668,-0.24690277777777764,0.06437499999999999,39.44534722222221,10,0.44079221940902075,3,10.0,132.33333333333334,148.33333333333334,-10.333333333333334,45584.0,45205.0,1.0,4.443333333333333,4.753333333333333,-6.333333333333333,2.9466666666666668,2.876666666666667,2.3333333333333335,8.366666666666665,8.5,-1.6666666666666667,5.006666666666667,5.006666666666667,-0.3333333333333333,67371.0,347331.3333333333,-78.66666666666667,231.66666666666666,236.33333333333334,-2.3333333333333335,0.0,0.0,,1912.3333333333333,1914.0,0.0,3.0,3.0,2.6666666666666665,28.666666666666668,40.333333333333336,-26.666666666666668,64.33333333333333,57.0,13.333333333333334,39.666666666666664,36.0,12.333333333333334,188.0,172.66666666666666,13.0,,,
2019-01-12,5.537597222222222,0.5534444444444447,3.8266250000000017,,8.640291666666666,39.67736111111109,,0.052958333333333336,-0.31108333333333366,0.013916666666666667,39.36618055555557,10,0.3515400613360648,2,10.0,139.0,147.0,-6.5,32856.0,30743.0,7.5,4.279999999999999,4.745,-9.5,2.88,2.925,-1.5,8.350000000000001,8.55,-2.0,4.89,4.96,-1.5,111386310.5,153719.5,125474.0,246.5,240.0,3.5,0.0,0.0,,1996.0,1914.5,5.5,2.5,2.5,0.0,32.0,41.0,-24.0,75.0,60.0,25.5,40.0,32.0,23.0,191.0,151.0,25.0,,,
2019-01-13,6.705875,0.753659722222222,3.8517083333333324,,8.870673611111117,39.681180555555535,,0.04133333333333333,-0.3336458333333335,0.0,39.34729166666669,10,0.3529678737931678,1,10.0,148.0,154.0,-4.0,14294.0,15434.0,-7.0,4.59,4.58,0.0,2.92,2.9,1.0,8.4,8.4,0.0,4.86,5.01,-3.0,3326.0,598484.0,-99.0,215.0,235.0,-9.0,0.04,0.0,,1897.0,2041.0,-7.0,4.0,4.0,0.0,22.0,27.0,-19.0,56.0,55.0,2.0,48.0,45.0,7.0,222.0,224.0,-1.0,,,
2019-01-14,8.793125000000002,1.0037777777777768,4.157506944444443,,9.341944444444437,39.665625000000034,,0.07166666666666668,-0.28515277777777787,0.05030555555555555,39.380416666666626,10,0.43887630670544864,3,10.0,135.0,147.0,-7.333333333333333,49293.0,46401.0,6.333333333333333,4.096666666666667,4.58,-10.333333333333334,3.0366666666666666,2.92,4.0,8.600000000000001,8.4,2.3333333333333335,4.8133333333333335,4.95,-2.6666666666666665,20596.666666666668,206713.33333333334,-44.0,255.0,233.66666666666666,8.666666666666666,0.006666666666666667,0.0,,2057.3333333333335,1965.3333333333333,4.333333333333333,3.0,3.0,8.333333333333334,27.666666666666668,37.0,-22.0,67.0,62.0,9.0,42.666666666666664,37.0,18.0,201.33333333333334,179.33333333333334,15.666666666666666,,,
2019-01-15,4.814284722222224,0.5847916666666673,4.055659722222224,,8.926652777777777,39.62118055555556,,0.148875,-0.4297500000000001,0.02813194444444444,39.1909722222222,10,0.29379913085801973,1,10.0,123.0,129.0,-5.0,16847.0,15765.0,7.0,4.25,4.29,-1.0,2.85,2.98,-4.0,8.6,8.5,1.0,4.84,4.88,-1.0,212813.0,441570.0,-52.0,247.0,231.0,7.0,0.0,0.0,,2080.0,1999.0,4.0,3.0,3.0,0.0,35.0,33.0,6.0,54.0,65.0,-17.0,33.0,39.0,-15.0,162.0,183.0,-11.0,,,
2019-01-16,4.719430555555558,0.4231805555555555,4.177777777777781,,9.27645833333333,39.57999999999995,,0.050083333333333334,-0.15663888888888888,0.1682708333333333,39.42305555555552,10,0.4297051807303936,3,10.0,126.66666666666667,140.33333333333334,-10.0,48101.0,47043.0,2.6666666666666665,4.109999999999999,4.496666666666667,-8.333333333333334,2.983333333333333,2.9299999999999997,1.6666666666666667,8.633333333333333,8.433333333333332,2.3333333333333335,4.796666666666667,4.8999999999999995,-2.3333333333333335,117404931.0,210464.33333333334,27445.0,233.0,236.0,-1.0,0.0,0.0,,1995.3333333333333,1971.3333333333333,1.3333333333333333,3.0,3.0,5.666666666666667,31.333333333333332,31.0,7.0,68.0,63.666666666666664,7.0,41.0,39.666666666666664,5.666666666666667,199.0,191.0,8.0,,,
2019-01-17,2.8564166666666653,0.402854166666667,3.9528541666666674,,8.501409722222228,39.56402777777787,,0.06749999999999999,-0.30212500000000014,0.052381944444444446,39.261736111111084,10,0.3740934587635361,3,10.0,157.66666666666666,138.0,16.0,54616.0,48115.0,13.666666666666666,3.9633333333333334,4.403333333333333,-10.0,3.06,2.97,3.0,8.466666666666667,8.4,0.6666666666666666,4.716666666666667,4.876666666666666,-3.3333333333333335,41042910.666666664,148831.66666666666,72287.0,267.3333333333333,239.33333333333334,12.666666666666666,0.03666666666666667,0.0,,2277.3333333333335,2021.6666666666667,12.666666666666666,3.0,3.0,8.333333333333334,43.333333333333336,31.333333333333332,50.333333333333336,49.333333333333336,63.333333333333336,-22.0,31.333333333333332,40.333333333333336,-17.333333333333332,148.33333333333334,194.33333333333334,-19.666666666666668,723000.0,,
2019-01-18,4.101124999999999,1.4622708333333332,3.9695208333333323,,9.067833333333338,39.55201388888901,,0.0,-0.19278472222222232,0.018506944444444447,39.35888888888886,10,0.3582808819420755,1,10.0,129.0,125.0,3.0,18065.0,16389.0,10.0,3.54,4.21,-16.0,3.07,3.01,2.0,8.5,8.5,0.0,4.68,4.83,-3.0,1798871.0,212813.0,745.0,276.0,246.0,12.0,0.0,0.0,,2246.0,2084.0,8.0,3.0,3.0,0.0,28.0,30.0,-7.0,66.0,63.0,5.0,38.0,42.0,-10.0,198.0,203.0,-2.0,690000.0,,
2019-01-19,51.746763888888914,50.88502777777779,6.189548611111109,,14.441965277777793,39.563472222222316,,0.0,-0.09267361111111112,0.15357638888888886,39.470972222222194,10,0.32745110016492995,3,10.0,410.3333333333333,137.66666666666666,201.33333333333334,59635.0,49057.0,21.333333333333332,3.69,4.206666666666667,-12.333333333333334,3.0500000000000003,2.973333333333333,2.6666666666666665,8.666666666666666,8.5,2.3333333333333335,4.63,4.83,-4.333333333333333,24878022.0,248502.33333333334,9678.0,267.6666666666667,244.66666666666666,9.0,0.0,0.0,,2511.0,2070.0,21.0,2.3333333333333335,2.6666666666666665,-16.666666666666668,430.6666666666667,32.666666666666664,1352.0,39.333333333333336,63.0,-36.333333333333336,20.666666666666668,38.666666666666664,-44.666666666666664,112.0,185.0,-37.666666666666664,697500.0,,
2019-01-20,0.5588958333333333,0.1039166666666667,4.175958333333333,,9.40529861111112,39.58312499999991,,0.0004583333333333333,-0.1986319444444445,0.017458333333333333,39.38423611111111,10,0.35774268961584865,3,10.0,151.0,141.66666666666666,6.333333333333333,58099.0,50085.0,16.0,4.32,4.093333333333333,5.666666666666667,3.0366666666666666,2.983333333333333,1.6666666666666667,8.4,8.533333333333333,-1.3333333333333333,4.676666666666667,4.783333333333333,-2.0,167849404.0,514423.0,116015.0,253.0,247.66666666666666,2.3333333333333335,0.0,0.0,,2430.0,2113.3333333333335,15.666666666666666,3.6666666666666665,2.6666666666666665,38.666666666666664,33.0,35.0,-6.333333333333333,49.333333333333336,61.0,-19.0,39.333333333333336,37.666666666666664,4.0,181.33333333333334,182.66666666666666,-0.3333333333333333,618000.0,,
2019-01-21,1.6289097222222224,0.4638541666666667,3.8824236111111117,,8.87646527777777,39.584166666666675,,0.08666666666666667,-0.34923611111111136,0.03477083333333331,39.23451388888893,10,0.41988148487902244,3,10.0,159.66666666666666,151.66666666666666,9.666666666666666,56160.0,51583.0,8.666666666666666,4.24,4.016666666666667,5.666666666666667,3.126666666666667,3.0066666666666664,4.0,8.533333333333333,8.566666666666666,-0.3333333333333333,4.693333333333333,4.75,-1.0,655056.0,805468.6666666666,13.0,269.0,251.0,8.0,0.02666666666666667,0.0,,2322.6666666666665,2185.3333333333335,6.666666666666667,2.6666666666666665,3.0,-11.0,42.333333333333336,36.0,11.333333333333334,63.666666666666664,58.666666666666664,8.666666666666666,36.666666666666664,37.333333333333336,-5.0,176.0,181.66666666666666,-6.333333333333333,653000.0,703333.0,-7.0
2019-01-22,1.8431111111111105,0.46895138888888915,3.9662708333333336,,9.045416666666668,39.57659722222225,,0.17333333333333334,-0.45568055555555564,0.012069444444444443,39.12048611111114,10,0.3310025666161068,3,10.0,166.33333333333334,147.0,15.0,50714.0,53378.0,-5.0,3.9966666666666666,4.003333333333333,-0.3333333333333333,3.15,3.026666666666667,4.0,8.533333333333333,8.533333333333333,0.0,4.63,4.726666666666667,-2.0,1253372.3333333333,1644582.3333333333,86.33333333333333,266.6666666666667,254.66666666666666,5.333333333333333,0.03,0.0,,2106.0,2228.3333333333335,-5.333333333333333,1.6666666666666667,3.0,-44.333333333333336,67.66666666666667,41.333333333333336,40.333333333333336,89.33333333333333,57.333333333333336,56.333333333333336,34.0,35.666666666666664,-10.333333333333334,162.33333333333334,171.33333333333334,-10.666666666666666,675500.0,674166.5,0.0
2019-01-23,3.476506944444446,1.0817847222222214,4.245673611111111,,9.836256944444445,39.55250000000008,,0.09345833333333335,-0.19064583333333351,0.08074305555555555,39.361458333333324,10,0.34531625061248106,2,10.0,140.5,161.0,-13.0,43715.0,35024.0,24.5,3.725,4.109999999999999,-9.0,3.045,3.0549999999999997,0.0,9.05,8.55,6.0,4.67,4.705,-1.0,1586825.5,1838729.0,-12.0,310.5,247.5,25.5,0.0,0.0,,2636.0,2223.0,19.5,4.0,2.5,66.5,42.5,60.5,-25.5,43.5,61.0,-29.5,37.5,34.5,7.0,175.5,164.5,8.5,678000.0,668800.0,1.0
2019-01-24,1.3762499999999998,0.3647638888888885,3.9390833333333344,,9.138875,39.537430555555574,,0.0,-0.13102083333333325,0.1366111111111111,39.40631944444445,10,0.31288360294189127,2,10.0,147.0,160.0,-8.0,44421.0,34758.0,27.5,1.89,4.12,-52.5,1.59,3.0700000000000003,-48.0,9.2,8.55,7.5,2.32,4.695,-50.5,10567.0,1838729.0,-99.5,322.5,248.5,29.5,0.0,0.0,,2763.0,2208.0,25.5,4.5,2.5,83.5,23.0,55.5,-50.5,49.0,59.0,-17.0,45.0,35.0,33.0,222.5,167.0,38.0,661000.0,675167.0,-2.0
2019-01-25,0.6370416666666668,0.1519722222222223,3.7871180555555535,,8.572819444444441,39.51444444444442,,0.028458333333333335,-0.29657638888888926,0.015916666666666666,39.21784722222221,10,0.31466079681963216,3,10.0,146.0,152.33333333333334,-3.6666666666666665,66237.0,56331.0,17.666666666666668,3.47,3.9066666666666667,-11.333333333333334,3.1799999999999997,3.0733333333333337,3.6666666666666665,9.133333333333333,8.6,6.333333333333333,4.603333333333333,4.670000000000001,-1.3333333333333333,202950987.0,1488981.0,24512.0,297.0,270.0,10.0,0.0,0.0,,2740.3333333333335,2334.3333333333335,17.333333333333332,5.333333333333333,3.0,86.0,28.666666666666668,51.333333333333336,-37.0,38.333333333333336,56.666666666666664,-32.0,41.666666666666664,35.0,22.333333333333332,200.0,170.33333333333334,19.666666666666668,656000.0,670619.0,-2.5
2019-01-26,3.014208333333334,0.8170277777777778,3.888312500000001,,8.996319444444447,39.52250000000012,,0.009375,-0.1669097222222223,0.029951388888888857,39.3557638888889,10,0.32269100130501416,3,10.0,117.0,153.33333333333334,-24.0,64755.0,57270.0,12.666666666666666,3.7566666666666664,3.6933333333333334,1.6666666666666667,3.06,2.9499999999999997,4.333333333333333,8.866666666666665,8.700000000000001,2.0,4.703333333333334,4.47,5.666666666666667,897176.6666666666,1274907.3333333333,2.6666666666666665,315.3333333333333,274.0,14.666666666666666,0.0,0.0,,2701.6666666666665,2371.6666666666665,13.666666666666666,5.666666666666667,3.3333333333333335,69.66666666666667,21.666666666666668,51.0,-48.0,40.333333333333336,52.666666666666664,-22.666666666666668,45.666666666666664,35.333333333333336,38.666666666666664,220.33333333333334,170.0,39.0,661500.0,666785.5,-0.5
2019-01-27,1.916986111111111,0.5299999999999999,3.845180555555555,,9.00249305555556,39.521319444444465,,0.07308333333333333,-0.3181180555555555,0.015659722222222217,39.20333333333331,10,0.3486677942816476,3,10.0,140.33333333333334,149.66666666666666,-6.666666666666667,66064.0,59215.0,11.666666666666666,3.3666666666666667,3.6766666666666663,-8.333333333333334,3.1733333333333333,2.983333333333333,6.333333333333333,9.0,8.766666666666667,2.3333333333333335,4.626666666666667,4.473333333333334,3.6666666666666665,50168349.666666664,1313227.3333333333,3967.6666666666665,309.6666666666667,279.6666666666667,10.666666666666666,0.0,0.0,,2790.0,2450.0,14.0,6.333333333333333,3.6666666666666665,84.33333333333333,29.666666666666668,46.0,-21.0,30.333333333333332,52.0,-42.0,39.0,37.333333333333336,9.0,187.33333333333334,180.66666666666666,9.333333333333334,673000.0,663071.5,1.5
2019-01-28,0.6486041666666664,0.16936111111111113,3.7959305555555556,,8.441611111111108,39.516041666666744,,0.16341666666666668,-0.43229166666666685,0.029368055555555557,39.083750000000016,10,0.35308406455595853,3,10.0,121.66666666666667,150.0,-18.333333333333332,63564.0,59946.0,6.0,3.396666666666667,3.686666666666667,-8.0,3.15,3.0,5.333333333333333,8.733333333333334,8.833333333333334,-1.3333333333333333,4.58,4.506666666666667,2.0,2848745.0,641077.6666666666,10436.333333333334,304.3333333333333,286.6666666666667,6.666666666666667,0.0,0.0,,2611.6666666666665,2477.6666666666665,5.666666666666667,4.333333333333333,4.0,11.0,24.333333333333332,39.333333333333336,-24.333333333333332,48.0,48.333333333333336,1.0,44.333333333333336,37.333333333333336,26.0,205.33333333333334,180.0,21.333333333333332,690500.0,657928.5,5.0
2019-01-29,6.0896041666666685,1.8266805555555559,4.1378055555555555,,9.540562499999998,39.45375000000005,,0.13158333333333333,-0.25507638888888895,0.055736111111111125,39.19854166666667,10,0.37168482164780126,3,10.0,145.0,140.0,2.6666666666666665,68044.0,61084.0,11.333333333333334,3.6366666666666667,3.546666666666667,2.0,3.1733333333333333,3.026666666666666,5.0,8.700000000000001,8.933333333333332,-2.6666666666666665,4.603333333333333,4.510000000000001,2.3333333333333335,11708762.666666666,818140.0,1312.6666666666667,326.0,295.0,10.0,0.0,0.0,,2815.6666666666665,2528.6666666666665,11.0,4.666666666666667,4.333333333333333,11.666666666666666,35.666666666666664,33.0,18.666666666666668,38.333333333333336,49.0,-22.0,37.0,40.333333333333336,-6.0,179.0,192.66666666666666,-5.333333333333333,674000.0,665786.0,1.5
2019-01-30,63.076763888888955,60.334111111111106,6.328895833333337,,15.240874999999992,39.42687499999991,,0.003916666666666666,-0.10513194444444451,0.17616666666666672,39.32145833333333,10,0.3064161637130383,3,10.0,407.0,139.0,196.33333333333334,67180.0,62142.0,8.333333333333334,3.606666666666667,3.436666666666666,4.666666666666667,3.0666666666666664,3.0366666666666666,1.0,8.966666666666667,8.933333333333332,0.3333333333333333,4.623333333333333,4.493333333333333,3.0,1257001.6666666667,907897.3333333334,16.666666666666668,301.6666666666667,300.0,0.0,0.0033333333333333335,0.0,,2843.6666666666665,2570.0,11.0,6.333333333333333,4.333333333333333,43.333333333333336,110.66666666666667,32.333333333333336,247.66666666666666,27.666666666666668,48.0,-41.0,37.666666666666664,40.0,-7.333333333333333,185.33333333333334,193.33333333333334,-6.0,691500.0,671142.5,3.0
2019-01-31,0.5000347222222223,0.34135416666666674,4.0009513888888915,,9.318013888888894,39.41541666666658,,0.018916666666666665,-0.2895902777777779,0.051923611111111115,39.125347222222224,10,0.32194972720190157,2,10.0,125.0,140.0,-11.5,43494.0,45240.0,-2.5,4.025,3.29,22.5,3.1500000000000004,3.0,5.5,8.649999999999999,9.0,-3.5,4.55,4.42,3.0,19997486.5,1300615.5,1289.5,281.0,321.5,-11.5,0.005,0.0,,2702.5,2751.5,-1.0,7.0,5.0,40.0,32.0,39.5,-28.0,27.5,41.5,-35.5,46.0,37.5,18.5,201.5,182.0,6.5,640000.0,670928.5,-4.5
2019-02-01,0.6530625000000002,0.15431944444444456,3.94498611111111,,9.28153472222222,39.39076388888895,,0.042416666666666665,-0.26341666666666685,8.333333333333333e-05,39.12715277777781,10,0.34676459275628674,3,10.0,102.66666666666667,135.66666666666666,-24.0,61754.0,65290.0,-4.333333333333333,3.4933333333333336,3.4333333333333336,1.3333333333333333,3.296666666666667,3.0433333333333334,8.333333333333334,8.299999999999999,8.933333333333334,-7.0,4.53,4.496666666666667,0.6666666666666666,12954981.666666666,1759014.6666666667,2782.6666666666665,277.3333333333333,307.3333333333333,-9.666666666666666,0.006666666666666667,0.0,,2557.6666666666665,2720.3333333333335,-5.333333333333333,4.333333333333333,5.333333333333333,-17.666666666666668,25.333333333333332,31.333333333333332,-9.333333333333334,52.666666666666664,38.0,38.333333333333336,46.666666666666664,42.0,13.0,226.33333333333334,199.33333333333334,16.0,647000.0,673428.5,-3.5
2019-02-02,2.5607569444444445,0.7571805555555557,3.995659722222223,,9.417145833333338,39.398263888888835,,0.11699999999999998,-0.15299999999999986,0.03377777777777778,39.24500000000001,10,0.4345063914326257,2,10.0,82.0,127.5,-35.0,41832.0,45296.0,-7.5,3.635,3.535,2.5,3.0300000000000002,3.135,-3.0,8.5,8.95,-5.0,4.495,4.595000000000001,-2.5,1390505.0,2734115.0,-25.0,290.5,313.0,-7.5,0.005,0.0,,2564.0,2788.5,-7.5,6.5,5.0,30.0,17.5,29.0,-40.0,39.0,40.0,-0.5,50.0,42.0,18.5,247.5,201.5,22.0,658000.0,669500.0,-2.0
2019-02-03,2.6789305555555556,0.5901875000000001,4.022631944444445,,9.301374999999995,39.50229166666672,,0.0,1.1968680555555558,1.6390902777777783,40.699444444444424,10,0.9236752205055194,2,10.0,94.0,143.5,-34.5,35889.0,43656.0,-17.5,3.8600000000000003,3.79,2.0,3.105,3.165,-2.0,8.45,8.649999999999999,-2.0,4.42,4.625,-4.5,183404024.0,681720.5,29896.0,230.0,311.5,-26.0,0.035,0.0,,2245.0,2741.0,-18.0,6.0,5.5,13.5,20.0,32.5,-38.0,40.5,35.5,14.5,47.0,39.5,20.0,222.5,190.5,18.0,639000.0,670857.0,-5.0
2019-02-04,4.758673611111111,2.5053194444444453,4.024062500000001,,9.502916666666671,39.575833333333286,,0.0,-0.0876458333333334,0.18071527777777777,39.487986111111084,10,0.34966633418203263,3,10.0,114.66666666666667,127.33333333333333,-8.666666666666666,62254.0,64701.0,-3.6666666666666665,3.8066666666666666,3.5833333333333335,6.666666666666667,3.0933333333333337,3.1633333333333336,-2.0,8.466666666666667,8.700000000000001,-2.6666666666666665,4.29,4.579999999999999,-6.333333333333333,24314942.666666668,1004347.6666666666,7853.333333333333,304.3333333333333,298.0,3.0,0.05666666666666667,0.0033333333333333335,700.0,2597.0,2694.3333333333335,-3.3333333333333335,6.0,5.666666666666667,6.666666666666667,27.0,27.666666666666668,4.333333333333333,34.333333333333336,38.333333333333336,-9.0,42.666666666666664,43.333333333333336,0.0,204.0,205.33333333333334,0.6666666666666666,646000.0,667714.5,-3.0
2019-02-05,2.9259236111111115,0.7462916666666669,4.2544097222222215,,9.692680555555556,39.69777777777762,,0.0,-0.20099305555555555,0.0,39.496597222222206,10,0.38514217372062076,3,10.0,110.0,126.66666666666667,-14.666666666666666,51070.0,62716.0,-19.0,3.7566666666666664,3.606666666666667,3.0,3.24,3.1633333333333336,2.6666666666666665,8.466666666666667,8.633333333333333,-2.0,4.263333333333333,4.553333333333334,-6.333333333333333,1343.6666666666667,1835862.3333333333,-100.0,257.6666666666667,284.6666666666667,-10.666666666666666,0.03,0.0033333333333333335,500.0,2105.3333333333335,2631.6666666666665,-20.0,7.333333333333333,5.666666666666667,27.666666666666668,29.666666666666668,28.666666666666668,-1.3333333333333333,27.333333333333332,37.666666666666664,-27.333333333333332,41.333333333333336,43.333333333333336,-6.333333333333333,199.33333333333334,204.0,-4.0,632500.0,662143.0,-4.5
2019-02-06,0.8877430555555555,0.2511319444444443,3.8822777777777784,,9.072854166666666,39.73236111111105,,0.06720833333333334,-0.5220625,0.0,39.209513888888885,10,0.3239298246137298,2,10.0,103.0,120.0,-13.5,38615.0,40762.0,-5.5,3.535,3.52,2.5,3.29,3.1550000000000002,4.0,8.75,8.600000000000001,2.0,4.279999999999999,4.505,-5.0,38368357.5,3266203.0,1545.0,268.0,271.0,-1.0,0.05,0.01,400.0,2433.0,2615.0,-7.0,7.0,6.0,20.0,18.0,26.0,-27.0,35.0,39.0,-10.5,52.5,46.0,16.0,246.0,215.0,17.0,637000.0,651286.0,-2.0
2019-02-07,2.486909722222223,0.702625,3.8756111111111107,,9.21040277777778,39.76319444444455,,0.035041666666666665,-0.299451388888889,0.07731944444444444,39.463333333333324,10,0.3835261499458736,3,10.0,117.66666666666667,123.33333333333333,-4.0,60407.0,59958.0,0.6666666666666666,3.5933333333333337,3.6833333333333336,-1.6666666666666667,3.1666666666666665,3.1633333333333336,0.0,8.9,8.6,3.6666666666666665,4.316666666666666,4.463333333333334,-3.3333333333333335,9674680.333333334,2272941.0,1117.6666666666667,254.33333333333334,273.6666666666667,-6.0,0.04,0.01,200.0,2553.0,2520.3333333333335,1.0,5.0,6.0,-15.333333333333334,20.333333333333332,28.666666666666668,-24.666666666666668,45.666666666666664,35.666666666666664,28.0,46.0,43.666666666666664,7.333333333333333,227.33333333333334,209.33333333333334,11.666666666666666,640000.0,649857.0,-1.5
2019-02-08,2.166347222222223,0.6748194444444439,3.8133194444444447,,9.061416666666664,39.720416666666544,,0.0,-0.0971180555555556,0.4153055555555554,39.62326388888891,10,0.385818229350888,3,10.0,119.66666666666667,117.66666666666667,2.6666666666666665,59898.0,58446.0,2.6666666666666665,3.3766666666666665,3.686666666666666,-8.333333333333334,3.483333333333333,3.1933333333333334,9.0,8.966666666666667,8.566666666666666,4.333333333333333,4.26,4.43,-3.6666666666666665,616441374.6666666,2420949.0,23416.333333333332,323.0,269.3333333333333,19.666666666666668,0.03,0.023333333333333334,44.333333333333336,2465.0,2452.6666666666665,0.3333333333333333,5.333333333333333,6.333333333333333,-15.333333333333334,22.666666666666668,26.666666666666668,-10.333333333333334,37.333333333333336,36.0,3.6666666666666665,42.0,45.0,-6.333333333333333,198.33333333333334,215.66666666666666,-7.333333333333333,630500.0,644428.5,-2.0
2019-02-09,1.3406388888888887,0.30335416666666676,3.8137986111111113,,8.940104166666664,39.660208333333365,,0.238125,-0.7280763888888887,0.03172916666666667,38.93180555555556,10,0.37559398696709917,3,10.0,123.0,110.0,13.333333333333334,57069.0,57871.0,-1.3333333333333333,3.44,3.64,-5.333333333333333,3.3833333333333333,3.19,6.0,8.866666666666667,8.6,3.0,4.363333333333333,4.39,-0.3333333333333333,22070264.0,5887347.0,171.33333333333334,263.3333333333333,265.6666666666667,0.0,0.023333333333333334,0.03333333333333333,-25.0,2394.6666666666665,2438.6666666666665,-1.6666666666666667,4.0,6.0,-32.0,29.0,24.0,30.333333333333332,42.333333333333336,37.333333333333336,13.0,35.333333333333336,45.333333333333336,-20.666666666666668,169.0,217.0,-21.0,638000.0,644428.5,-1.0
2019-02-10,2.176930555555556,0.4904166666666668,3.8435277777777777,,9.167256944444446,39.533888888889024,,0.3654583333333334,-0.4472847222222225,0.0,39.08631944444446,10,0.3976306514894002,3,10.0,128.33333333333334,110.66666666666667,15.666666666666666,65945.0,57585.0,15.0,3.653333333333333,3.6200000000000006,0.3333333333333333,3.3366666666666664,3.216666666666667,3.6666666666666665,9.166666666666666,8.7,5.333333333333333,4.333333333333333,4.346666666666667,-0.3333333333333333,124760013.33333333,6251639.333333333,3693.0,322.3333333333333,272.0,19.0,0.02666666666666667,0.036666666666666674,-25.0,2731.0,2425.0,12.666666666666666,5.333333333333333,5.333333333333333,1.0,23.333333333333332,24.0,-2.3333333333333335,38.666666666666664,38.333333333333336,1.3333333333333333,41.666666666666664,44.0,-5.333333333333333,203.33333333333334,212.66666666666666,-4.333333333333333,640000.0,642071.0,0.0
2019-02-11,2.3895902777777778,0.8933888888888882,3.787770833333332,,8.753208333333333,39.50249999999996,,0.30624999999999997,-0.4151041666666673,0.0064861111111111135,39.08701388888892,10,0.28505447856472177,3,10.0,124.0,114.66666666666667,7.0,64244.0,57288.0,12.0,3.4066666666666663,3.5933333333333333,-5.0,3.3266666666666667,3.2566666666666664,2.0,8.966666666666667,8.733333333333333,2.6666666666666665,4.39,4.333333333333334,1.3333333333333333,3272336.0,20519650.333333332,76.66666666666667,287.6666666666667,271.0,7.0,0.016666666666666666,0.04,-63.333333333333336,2689.3333333333335,2414.6666666666665,11.333333333333334,4.333333333333333,5.333333333333333,-20.0,42.666666666666664,23.333333333333332,67.66666666666667,41.0,37.666666666666664,8.333333333333334,38.666666666666664,43.666666666666664,-13.666666666666666,188.33333333333334,209.66666666666666,-12.0,632500.0,639214.5,-1.0
2019-02-12,1.1799097222222223,0.2217986111111111,3.7658333333333323,,8.799340277777778,39.406319444444485,,0.05991666666666667,-0.3586319444444446,0.022430555555555554,39.047430555555565,10,0.3016962454429536,3,10.0,109.0,118.33333333333333,-8.333333333333334,54529.0,59180.0,-8.0,2.0033333333333334,3.6166666666666667,-45.666666666666664,2.25,3.276666666666667,-31.333333333333332,9.133333333333333,8.799999999999999,3.6666666666666665,2.89,4.323333333333333,-34.0,96525.66666666667,10117488.666666666,-91.0,277.3333333333333,286.0,-3.0,0.013333333333333334,0.03,-33.333333333333336,2264.0,2464.3333333333335,-8.0,4.333333333333333,5.333333333333333,-17.666666666666668,17.333333333333332,24.333333333333332,-32.0,58.333333333333336,38.0,55.666666666666664,51.333333333333336,42.0,20.666666666666668,247.33333333333334,204.33333333333334,19.666666666666668,634000.0,640071.0,1.0
2019-02-13,4.422673611111112,1.530006944444446,3.7546111111111102,,8.968895833333333,39.29673611111117,,0.006958333333333334,-0.16921527777777784,0.07749999999999997,39.12756944444443,10,0.3538603227417251,1,10.0,82.0,120.0,-32.0,18855.0,18509.0,2.0,3.74,3.48,7.0,3.43,3.32,3.0,8.6,9.1,-5.0,4.31,4.44,-3.0,28379194.0,1016248.0,2693.0,266.0,255.0,4.0,0.04,0.01,300.0,2522.0,2400.0,5.0,4.0,6.0,-33.0,17.0,20.0,-15.0,53.0,42.0,26.0,49.0,47.0,4.0,211.0,229.0,-8.0,,,
2019-02-14,4.900812500000001,1.462222222222222,4.065097222222223,,9.204520833333335,39.279999999999994,,0.036000000000000004,-0.21815277777777792,0.07031944444444445,39.06180555555553,10,0.28746700091014754,3,10.0,92.66666666666667,115.0,-20.0,64492.0,59960.0,8.666666666666666,3.33,3.4133333333333336,-2.3333333333333335,3.266666666666667,3.276666666666667,-0.3333333333333333,9.1,8.966666666666667,1.3333333333333333,4.29,4.266666666666667,0.6666666666666666,7484379.0,4738246.0,1143.0,286.0,286.3333333333333,0.0,0.036666666666666674,0.02666666666666667,100.0,2634.3333333333335,2500.0,6.0,4.0,5.0,-23.333333333333332,22.333333333333332,24.0,-5.666666666666667,60.666666666666664,40.666666666666664,50.0,43.0,43.0,0.0,210.0,207.66666666666666,1.6666666666666667,648000.0,639595.0,1.5
2019-02-15,6.914715277777776,3.175451388888896,3.9389444444444432,,9.268027777777782,39.279999999999994,,0.005708333333333333,-0.1796319444444444,0.02283333333333332,39.10041666666671,10,0.3492426871753406,2,10.0,120.0,123.0,-2.5,41255.0,38467.0,7.0,3.1,3.525,-12.0,3.345,3.33,0.5,9.1,8.95,1.5,4.415,4.365,1.0,3059424.5,8659789.0,-74.0,263.5,277.0,-4.5,0.02,0.02,0.0,2621.5,2435.5,7.5,4.5,4.5,-2.5,23.0,24.0,3.0,42.5,47.0,-9.5,37.5,42.5,-10.5,183.0,204.5,-11.0,665000.0,649000.0,2.0
2019-02-16,1.2403888888888883,0.26801388888888894,3.9019652777777756,,8.849868055555557,39.27770833333336,,0.01825,-0.2301666666666666,0.031875000000000014,39.04743055555559,10,0.322591661019205,3,10.0,117.0,113.33333333333333,2.6666666666666665,63991.0,60541.0,6.0,3.016666666666667,3.3266666666666667,-6.666666666666667,3.25,3.28,-1.0,8.799999999999999,9.033333333333333,-2.3333333333333335,4.2733333333333325,4.243333333333333,1.0,4056103.0,5883137.0,1023.3333333333334,288.6666666666667,288.6666666666667,0.6666666666666666,0.02666666666666667,0.02666666666666667,100.0,2656.3333333333335,2516.0,5.666666666666667,5.0,4.666666666666667,8.333333333333334,22.333333333333332,22.666666666666668,-5.0,39.666666666666664,45.0,-10.666666666666666,42.0,43.0,-3.0,199.33333333333334,205.33333333333334,-3.3333333333333335,647000.0,640083.5,1.5
2019-02-17,8.839840277777775,3.4233750000000027,4.264479166666664,,9.832437500000001,39.25458333333334,,0.137125,-0.2486041666666667,0.010770833333333334,39.00562500000004,10,0.308698415186188,3,10.0,108.33333333333333,109.66666666666667,-4.0,63413.0,60795.0,4.666666666666667,3.3066666666666666,3.2699999999999996,2.0,3.2566666666666664,3.2533333333333334,0.3333333333333333,8.6,9.1,-5.666666666666667,4.303333333333333,4.25,1.3333333333333333,471656.3333333333,3950716.0,-91.33333333333333,299.3333333333333,280.6666666666667,6.333333333333333,0.04,0.02333333333333333,166.66666666666666,2602.6666666666665,2535.6666666666665,2.6666666666666665,5.0,4.666666666666667,10.0,18.333333333333332,23.333333333333332,-18.666666666666668,47.666666666666664,45.0,6.0,47.333333333333336,42.333333333333336,15.0,231.33333333333334,201.66666666666666,17.666666666666668,650333.3333333334,643690.5,2.0
2019-02-18,0.6509583333333333,0.3749583333333333,3.85107638888889,,8.75717361111111,39.26826388888889,,0.003291666666666667,-0.08289583333333342,0.09022916666666672,39.18541666666666,10,0.30371792903874073,3,10.0,107.0,111.33333333333333,-4.0,68455.0,61784.0,11.0,3.5833333333333335,3.22,11.666666666666666,3.433333333333333,3.233333333333333,6.333333333333333,8.666666666666666,9.066666666666666,-4.0,4.233333333333333,4.239999999999999,0.0,48456393.0,5353468.666666667,813.3333333333334,301.6666666666667,284.0,6.333333333333333,0.049999999999999996,0.02666666666666667,100.0,2912.0,2573.0,13.0,5.333333333333333,4.666666666666667,16.666666666666668,15.333333333333334,22.0,-31.333333333333332,51.333333333333336,46.666666666666664,9.333333333333334,55.0,42.666666666666664,29.0,263.3333333333333,207.0,29.0,647000.0,644976.5,0.5
2019-02-19,5.225868055555557,2.114673611111112,4.050694444444442,,9.366645833333333,39.26736111111116,,0.009666666666666665,-0.24802777777777774,0.074625,39.019097222222214,10,0.32589395760066187,3,10.0,110.66666666666667,106.0,2.3333333333333335,65244.0,61423.0,6.333333333333333,2.8666666666666667,3.1666666666666665,-10.0,3.4000000000000004,3.22,5.333333333333333,8.433333333333332,8.966666666666667,-6.0,4.1466666666666665,4.233333333333333,-1.6666666666666667,2738243.3333333335,3574998.6666666665,69.66666666666667,292.0,281.0,4.333333333333333,0.056666666666666664,0.03,108.33333333333333,2717.3333333333335,2554.6666666666665,6.666666666666667,4.0,4.666666666666667,-15.0,23.0,20.666666666666668,3.3333333333333335,54.333333333333336,47.666666666666664,13.666666666666666,46.666666666666664,45.333333333333336,0.0,224.33333333333334,217.33333333333334,0.3333333333333333,645500.0,646988.0,0.0
2019-02-20,3.9157777777777776,1.4294305555555558,3.9661319444444456,,9.195708333333332,39.2708333333333,,0.0027916666666666667,-0.1244236111111112,0.033388888888888885,39.14631944444443,10,0.3173133425834911,3,10.0,113.33333333333333,108.0,4.333333333333333,62720.0,62160.0,1.0,3.1799999999999997,3.1766666666666663,-1.0,3.1733333333333333,3.24,-1.6666666666666667,8.733333333333333,8.9,-1.6666666666666667,4.32,4.21,2.6666666666666665,4224592.0,4000353.0,172.66666666666666,293.0,285.0,4.0,0.043333333333333335,0.03,64.0,2609.3333333333335,2595.3333333333335,1.3333333333333333,5.666666666666667,4.666666666666667,20.0,19.333333333333332,21.333333333333332,-6.666666666666667,42.666666666666664,50.0,-14.0,49.666666666666664,45.666666666666664,9.666666666666666,236.33333333333334,219.33333333333334,8.0,646000.0,649285.5,-0.5
2019-02-21,3.563354166666668,1.1322638888888887,4.075527777777776,,9.447263888888894,39.284930555555654,,0.003833333333333334,-0.09282638888888889,0.09047222222222225,39.19208333333335,10,0.2605504528139194,3,10.0,90.0,106.66666666666667,-15.0,63077.0,63163.0,0.0,3.0566666666666666,3.1733333333333333,-3.6666666666666665,3.183333333333333,3.2566666666666664,-2.6666666666666665,8.733333333333333,8.866666666666667,-1.6666666666666667,4.353333333333333,4.206666666666666,3.6666666666666665,5874803.666666667,4070753.3333333335,26.0,295.3333333333333,284.0,3.6666666666666665,0.04,0.03666666666666667,16.666666666666668,2636.0,2629.6666666666665,0.3333333333333333,5.333333333333333,4.666666666666667,16.666666666666668,17.0,19.666666666666668,-6.0,47.333333333333336,49.333333333333336,-3.6666666666666665,48.666666666666664,47.333333333333336,6.666666666666667,235.33333333333334,225.66666666666666,7.0,651000.0,648660.5,0.5
2019-02-22,2.0570138888888887,0.5651250000000001,4.00175,,9.1709375,39.31000000000008,,0.01883333333333333,-0.23088888888888903,0.053180555555555564,39.079166666666644,10,0.2593658215159182,3,10.0,106.0,103.66666666666667,1.6666666666666667,66247.0,64285.0,3.3333333333333335,2.85,3.1999999999999997,-10.666666666666666,3.1633333333333336,3.296666666666667,-4.0,8.633333333333333,8.8,-1.6666666666666667,4.233333333333333,4.2700000000000005,-1.0,9316637.333333334,3325208.3333333335,327.3333333333333,315.6666666666667,289.6666666666667,9.333333333333334,0.05000000000000001,0.04,25.0,2741.0,2677.0,2.6666666666666665,4.666666666666667,4.666666666666667,0.0,17.333333333333332,20.0,-18.0,56.333333333333336,47.666666666666664,17.666666666666668,54.0,46.666666666666664,14.0,245.33333333333334,223.66666666666666,9.0,639000.0,648214.5,-1.0
2019-02-23,2.9342500000000005,1.0125069444444421,4.0231458333333325,,9.382736111111107,39.31000000000008,,0.0027916666666666667,-0.14262499999999995,0.05070138888888888,39.16756944444444,10,0.32425761692943017,3,10.0,102.66666666666667,106.66666666666667,-2.6666666666666665,71073.0,64082.0,11.0,2.893333333333333,3.16,-8.0,3.3466666666666662,3.2866666666666666,2.0,8.833333333333334,8.766666666666667,1.0,4.296666666666666,4.276666666666666,0.3333333333333333,108268659.66666667,2914164.0,2799.0,304.3333333333333,291.0,5.333333333333333,0.03,0.04,-25.0,2978.0,2677.0,11.666666666666666,3.6666666666666665,5.0,-27.333333333333332,19.0,19.666666666666668,0.0,62.0,48.333333333333336,29.0,44.666666666666664,47.666666666666664,-6.0,222.33333333333334,226.33333333333334,-1.3333333333333333,645000.0,648642.5,-0.5
2019-02-24,5.3387986111111125,1.5712222222222216,4.114833333333333,,9.728763888888894,39.31097222222227,,0.008083333333333333,-0.1369305555555555,0.05629861111111112,39.174236111111085,10,0.3381491785271929,2,10.0,114.5,107.5,7.5,45438.0,44339.0,2.0,3.1950000000000003,3.2,0.0,3.065,3.2699999999999996,-6.0,8.9,8.7,2.0,4.195,4.255,-1.5,59519753.5,941439.5,16877.5,275.5,314.0,-12.0,0.02,0.045,-55.0,2800.0,2740.5,2.0,5.0,5.0,0.0,20.5,19.0,6.0,44.0,47.0,-6.0,48.0,47.5,0.5,217.5,227.0,-4.5,659000.0,646643.0,2.0
2019-02-25,2.006645833333333,0.5486041666666664,3.903937500000001,,9.133840277777773,39.360555555555464,,0.0,-0.13435416666666666,0.06085416666666664,39.22597222222221,10,0.31899167940667594,2,10.0,124.0,114.0,9.0,40260.0,43343.0,-7.0,2.9,3.19,-9.0,3.5,3.275,6.5,8.9,8.649999999999999,2.5,4.234999999999999,4.305,-1.5,75538.5,5118902.5,-98.5,263.0,291.0,-9.0,0.03,0.045,-30.0,2665.0,2719.0,2.0,6.0,5.0,20.0,18.5,21.5,-12.5,40.0,48.0,-14.0,51.0,45.0,14.0,237.5,214.5,11.0,661000.0,658714.0,0.0
2019-02-26,4.575569444444445,1.6314444444444438,4.134506944444445,,9.510493055555555,39.38347222222232,,0.009791666666666666,-0.21463194444444456,0.013555555555555557,39.16874999999998,10,0.3432972065542797,3,10.0,117.33333333333333,107.33333333333333,9.333333333333334,67114.0,66104.0,1.6666666666666667,3.36,3.0866666666666664,9.0,3.4,3.2633333333333336,4.0,8.8,8.666666666666666,1.3333333333333333,4.243333333333333,4.260000000000001,-0.3333333333333333,70938318.33333333,5846012.333333333,2163.6666666666665,286.0,296.3333333333333,-3.3333333333333335,0.04,0.043333333333333335,-8.333333333333334,2820.0,2762.3333333333335,2.0,5.666666666666667,5.0,13.333333333333334,19.333333333333332,18.333333333333332,4.333333333333333,40.666666666666664,50.0,-18.333333333333332,48.0,49.666666666666664,-3.0,233.0,236.66666666666666,-1.0,636500.0,647143.0,-1.5
2019-02-27,0.3768819444444444,0.047513888888888876,3.932048611111112,,9.224951388888888,39.39388888888883,,0.07016666666666667,-0.2628263888888889,0.0,39.13076388888892,10,0.31437601614313254,3,10.0,100.33333333333333,108.66666666666667,-8.0,73381.0,65319.0,13.0,2.8033333333333332,2.9766666666666666,-6.0,3.3733333333333335,3.2600000000000002,3.3333333333333335,8.933333333333335,8.733333333333333,2.3333333333333335,4.05,4.259999999999999,-5.0,126593257.33333333,3392980.6666666665,3096.0,308.3333333333333,292.3333333333333,7.0,0.06,0.04,50.0,2841.6666666666665,2739.6666666666665,4.333333333333333,4.333333333333333,5.0,-9.333333333333334,18.666666666666668,18.333333333333332,-1.3333333333333333,53.0,49.0,7.0,47.333333333333336,49.666666666666664,-5.666666666666667,224.33333333333334,236.66666666666666,-5.333333333333333,651000.0,647238.0,0.5
2019-02-28,5.59398611111111,2.1236319444444445,4.10507638888889,,9.553618055555559,39.37770833333327,,0.06491666666666666,-0.26124999999999976,0.023402777777777783,39.11583333333335,10,0.2644997917960217,3,10.0,116.0,107.66666666666667,7.666666666666667,64016.0,65620.0,-2.3333333333333335,3.0700000000000003,3.0566666666666666,0.6666666666666666,3.4766666666666666,3.2566666666666664,6.666666666666667,8.566666666666668,8.8,-2.3333333333333335,4.126666666666666,4.276666666666666,-3.6666666666666665,67715918.33333333,4130426.6666666665,1399.6666666666667,257.0,291.3333333333333,-12.0,0.05000000000000001,0.036666666666666674,36.0,2852.3333333333335,2756.6666666666665,3.6666666666666665,4.0,5.0,-19.333333333333332,20.333333333333332,18.666666666666668,10.333333333333334,61.666666666666664,49.333333333333336,28.333333333333332,48.0,48.666666666666664,-1.0,236.33333333333334,232.66666666666666,1.6666666666666667,666000.0,645881.0,3.5
2019-03-01,6.782034722222225,2.3480486111111083,4.196597222222222,,9.946402777777774,39.356944444444416,,0.05424999999999999,-0.1973680555555556,0.07890277777777778,39.15944444444445,10,0.38867495503083094,3,10.0,130.0,109.0,20.666666666666668,65546.0,67424.0,-3.0,2.6733333333333333,2.99,-10.333333333333334,3.41,3.2899999999999996,3.6666666666666665,8.966666666666667,8.8,2.0,4.083333333333333,4.233333333333333,-3.6666666666666665,514489.3333333333,35006956.333333336,-97.66666666666667,283.6666666666667,295.0,-4.0,0.06666666666666667,0.036666666666666674,86.0,2698.6666666666665,2795.3333333333335,-3.6666666666666665,4.333333333333333,5.0,-11.0,25.333333333333332,18.666666666666668,44.0,47.333333333333336,49.666666666666664,-5.0,43.0,49.0,-11.0,207.33333333333334,234.0,-10.333333333333334,658000.0,647107.0,1.5
2019-03-02,8.429805555555555,3.4790972222222205,4.38113888888889,,10.411854166666668,39.3531944444445,,0.03816666666666666,-0.2674861111111111,0.055888888888888905,39.0855555555556,10,0.29117024020340476,3,10.0,113.0,110.66666666666667,2.3333333333333335,68621.0,67446.0,1.3333333333333333,1.9833333333333332,2.9933333333333336,-32.666666666666664,2.126666666666667,3.34,-36.333333333333336,8.966666666666667,8.799999999999999,2.0,2.7399999999999998,4.196666666666666,-34.666666666666664,1649151.3333333333,57822857.0,-98.0,317.0,288.0,10.333333333333334,0.043333333333333335,0.036666666666666674,19.333333333333332,2908.3333333333335,2831.3333333333335,3.0,5.333333333333333,4.666666666666667,13.333333333333334,24.666666666666668,19.333333333333332,22.333333333333332,38.666666666666664,50.666666666666664,-23.333333333333332,45.333333333333336,48.333333333333336,-7.333333333333333,207.33333333333334,230.66666666666666,-11.0,664500.0,649190.5,2.5
2019-03-03,2.3267777777777767,0.9235694444444444,4.136576388888887,,9.502236111111106,39.331944444444424,,0.001958333333333333,-0.14847222222222226,0.026875,39.183333333333344,10,0.35097068193856323,3,10.0,117.66666666666667,112.66666666666667,4.333333333333333,69270.0,67385.0,2.6666666666666665,3.203333333333333,2.97,7.666666666666667,3.436666666666666,3.3733333333333335,2.0,8.933333333333332,8.833333333333334,1.0,4.266666666666667,4.173333333333334,2.0,253021578.66666666,56875650.666666664,4740.333333333333,292.3333333333333,283.3333333333333,3.0,0.07,0.04,81.0,2880.6666666666665,2824.0,2.0,4.666666666666667,4.666666666666667,-1.6666666666666667,19.666666666666668,19.666666666666668,0.6666666666666666,52.333333333333336,49.333333333333336,7.333333333333333,48.333333333333336,47.666666666666664,1.6666666666666667,236.33333333333334,227.33333333333334,3.0,659500.0,652440.5,1.0
2019-03-04,0.9337013888888891,0.2501319444444445,4.099277777777777,,9.353097222222218,39.34069444444451,,0.0,-0.13986805555555548,0.08134722222222221,39.200972222222184,10,0.335905663256239,3,10.0,128.33333333333334,113.33333333333333,13.666666666666666,64161.0,67100.0,-4.333333333333333,2.7399999999999998,2.9133333333333327,-5.333333333333333,3.41,3.27,4.333333333333333,9.233333333333334,8.833333333333334,4.666666666666667,3.9466666666666668,4.043333333333333,-2.0,181056275.33333334,3321651.0,7052.666666666667,267.3333333333333,286.0,-6.333333333333333,0.06,0.04666666666666667,33.333333333333336,2690.0,2812.6666666666665,-4.666666666666667,5.333333333333333,4.666666666666667,16.666666666666668,24.0,20.0,20.666666666666668,46.666666666666664,49.333333333333336,-7.333333333333333,44.333333333333336,47.0,-7.333333333333333,219.33333333333334,226.33333333333334,-4.333333333333333,645500.0,655393.0,-1.5
2019-03-05,0.7971249999999999,0.15102083333333327,3.7119375,,8.599215277777779,39.37159722222223,,0.0,-0.15257638888888897,0.02941666666666666,39.21881944444447,10,0.3462758844487105,3,10.0,114.33333333333333,116.66666666666667,-2.0,75498.0,67136.0,12.666666666666666,2.7399999999999998,2.936666666666667,-6.666666666666667,3.4633333333333334,3.3200000000000003,4.666666666666667,9.1,8.866666666666667,2.6666666666666665,4.036666666666666,4.06,-0.3333333333333333,59568666.0,3893242.6666666665,2830.3333333333335,311.6666666666667,287.3333333333333,8.333333333333334,0.060000000000000005,0.05333333333333334,15.666666666666666,3137.6666666666665,2822.6666666666665,11.333333333333334,4.666666666666667,5.0,-8.333333333333334,25.0,21.0,11.666666666666666,43.0,47.333333333333336,-10.0,43.333333333333336,47.0,-10.333333333333334,203.0,226.33333333333334,-13.333333333333334,645500.0,655298.0,-1.5
2019-03-06,3.986798611111114,1.0455902777777777,4.179805555555556,,9.65785416666667,39.39673611111121,,0.03458333333333333,-0.24970833333333337,0.001125,39.14666666666671,10,0.3319217196449008,3,10.0,106.66666666666667,116.66666666666667,-7.666666666666667,75427.0,67444.0,11.666666666666666,3.2999999999999994,2.9066666666666663,13.666666666666666,3.473333333333333,3.3166666666666664,4.333333333333333,9.200000000000001,8.9,3.3333333333333335,4.126666666666666,4.03,2.6666666666666665,1290078.6666666667,59695916.666666664,-91.0,290.3333333333333,287.3333333333333,1.0,0.05333333333333334,0.05666666666666667,-6.666666666666667,3127.3333333333335,2813.0,11.333333333333334,5.333333333333333,5.0,8.333333333333334,18.666666666666668,21.666666666666668,-7.0,42.333333333333336,47.0,-8.666666666666666,46.666666666666664,46.333333333333336,3.3333333333333335,223.33333333333334,222.66666666666666,3.0,650000.0,654428.5,-1.0
2019-03-07,5.587972222222222,2.2875833333333335,4.096631944444444,,9.470041666666658,39.3986805555555,,0.06816666666666667,-0.2795902777777778,0.010340277777777775,39.118680555555585,10,0.28048221844534854,2,10.0,107.0,110.5,-2.0,46178.0,44910.0,2.5,2.7350000000000003,2.7800000000000002,-1.5,3.6849999999999996,3.395,9.0,9.149999999999999,8.95,2.5,4.05,4.09,-1.0,97268116.5,7898115.5,631.0,261.5,284.0,-8.0,0.065,0.065,-1.5,2865.5,2862.0,0.5,3.5,5.5,-35.0,21.0,17.0,22.5,63.5,49.5,30.5,46.0,51.5,-11.0,221.0,246.0,-10.5,631000.0,643143.0,-2.0
2019-03-08,6.355618055555558,2.1426597222222212,4.3531597222222205,,9.996548611111113,39.3791666666666,,0.12587500000000001,-0.23358333333333325,0.01704861111111111,39.14506944444446,10,0.33117716832847716,3,10.0,107.66666666666667,116.0,-8.333333333333334,68249.0,68934.0,-1.0,2.7466666666666666,2.9166666666666665,-6.0,3.526666666666667,3.3533333333333335,5.0,9.0,9.0,0.0,4.133333333333334,4.02,3.0,5623831.666666667,3864138.3333333335,-2.0,306.3333333333333,288.3333333333333,6.0,0.06666666666666667,0.056666666666666664,19.0,2836.3333333333335,2899.3333333333335,-2.3333333333333335,4.666666666666667,4.666666666666667,-1.6666666666666667,30.666666666666668,22.0,30.333333333333332,42.333333333333336,49.0,-13.0,41.333333333333336,45.666666666666664,-11.666666666666666,201.33333333333334,218.0,-10.333333333333334,677000.0,655571.5,3.5
2019-03-09,2.248652777777778,0.7036041666666668,4.099333333333334,,9.549055555555558,39.376458333333275,,0.019,-0.2307222222222223,0.09665277777777777,39.14527777777777,10,0.3195406327937244,3,10.0,94.66666666666667,117.0,-19.0,67224.0,69151.0,-2.6666666666666665,2.4266666666666663,2.893333333333333,-15.666666666666666,2.8866666666666667,3.3600000000000008,-13.666666666666666,9.366666666666665,9.033333333333333,3.6666666666666665,4.0200000000000005,4.003333333333334,0.6666666666666666,173735846.66666666,2525872.6666666665,31953.666666666668,298.6666666666667,290.6666666666667,2.6666666666666665,0.06666666666666667,0.06,11.333333333333334,2862.3333333333335,2879.0,-0.3333333333333333,4.0,4.666666666666667,-11.666666666666666,22.333333333333332,23.666666666666668,2.0,52.0,48.0,9.0,43.0,44.333333333333336,-0.3333333333333333,202.33333333333334,215.0,-2.3333333333333335,667000.0,653000.0,2.0
2019-03-10,5.80091304347826,2.258949275362317,4.320260869565215,,10.017478260869566,39.370624999999926,,0.002,-0.12027536231884062,0.16412318840579712,39.24992753623195,10,0.3416351756637806,3,10.0,91.66666666666667,114.66666666666667,-21.0,97297.0,69538.0,39.666666666666664,2.69,2.9033333333333338,-7.333333333333333,3.313333333333334,3.3833333333333333,-2.0,9.299999999999999,9.066666666666668,2.3333333333333335,4.086666666666667,4.016666666666667,2.0,18120804.333333332,4668290.666666667,2131.3333333333335,436.6666666666667,293.6666666666667,48.666666666666664,0.07,0.06333333333333334,11.333333333333334,4114.333333333333,2898.3333333333335,41.0,4.333333333333333,4.666666666666667,-5.0,17.666666666666668,23.666666666666668,-24.0,61.666666666666664,46.666666666666664,32.666666666666664,53.666666666666664,44.0,24.0,258.3333333333333,211.33333333333334,24.333333333333332,662000.0,655714.0,1.0
2019-03-11,9.326479166666667,4.140805555555554,4.285145833333335,,10.10930555555556,39.36541666666663,,0.017166666666666667,-0.2654166666666667,0.0,39.09944444444446,10,0.3034896751225355,3,10.0,95.33333333333333,110.33333333333333,-12.666666666666666,76060.0,69338.0,9.666666666666666,2.763333333333333,2.8800000000000003,-2.6666666666666665,3.223333333333333,3.4,-5.333333333333333,9.433333333333332,9.133333333333333,3.0,4.126666666666667,4.09,1.0,1957675.0,59553069.0,-94.33333333333333,323.6666666666667,291.3333333333333,11.0,0.08333333333333333,0.06333333333333334,33.333333333333336,3171.0,2892.0,9.666666666666666,5.0,4.666666666666667,6.666666666666667,19.666666666666668,23.0,-10.666666666666666,47.333333333333336,48.333333333333336,-1.0,48.333333333333336,45.333333333333336,7.333333333333333,233.0,217.0,8.333333333333334,664000.0,656071.5,1.0
2019-03-12,4.967111111111111,2.2973402777777774,4.294618055555556,,9.882236111111107,39.35479166666665,,0.007333333333333334,-0.14484722222222224,0.0617986111111111,39.20986111111112,10,0.31443141293788457,3,10.0,98.33333333333333,108.0,-8.333333333333334,69030.0,71350.0,-3.3333333333333335,2.9433333333333334,2.733333333333333,8.333333333333334,3.5066666666666664,3.313333333333333,6.0,9.333333333333334,9.133333333333333,2.0,4.116666666666666,3.966666666666667,4.333333333333333,7135576.0,16097475.333333334,107.0,288.0,301.6666666666667,-4.666666666666667,0.04666666666666667,0.06,-22.0,2858.0,2968.6666666666665,-3.3333333333333335,4.666666666666667,4.666666666666667,0.0,21.666666666666668,22.333333333333332,4.0,51.666666666666664,49.333333333333336,8.666666666666666,46.333333333333336,45.333333333333336,5.0,222.33333333333334,220.0,4.0,667500.0,656428.5,1.5
2019-03-13,8.01560416666667,2.325395833333334,4.504124999999998,,10.646715277777773,39.3730555555555,,0.0,-0.15226388888888895,0.04901388888888889,39.220347222222216,10,0.29913725173713335,3,10.0,131.66666666666666,106.0,22.333333333333332,68404.0,73049.0,-6.333333333333333,2.84,2.7533333333333334,3.3333333333333335,3.39,3.2900000000000005,3.0,9.0,9.200000000000001,-2.0,4.039999999999999,3.9966666666666666,1.3333333333333333,479958.0,6132378.333333333,-94.0,280.0,309.6666666666667,-8.666666666666666,0.07333333333333333,0.06333333333333334,16.666666666666668,2866.3333333333335,3046.0,-5.666666666666667,3.6666666666666665,4.666666666666667,-21.666666666666668,45.333333333333336,22.666666666666668,96.33333333333333,47.0,49.0,-2.6666666666666665,34.666666666666664,45.666666666666664,-24.666666666666668,167.33333333333334,218.33333333333334,-25.0,659000.0,658571.5,0.0
2019-03-14,45.78879166666667,44.21349999999999,6.12404861111111,,14.53490277777777,39.38159722222209,,0.0005,-0.043222222222222204,0.07030555555555555,39.33805555555554,10,0.26639598733243536,3,10.0,273.0,105.33333333333333,160.0,68976.0,72125.0,-4.333333333333333,2.8699999999999997,2.763333333333333,4.666666666666667,3.3766666666666665,3.2899999999999996,2.6666666666666665,9.066666666666666,9.233333333333334,-1.6666666666666667,3.97,4.01,-0.6666666666666666,47200684.0,5159023.0,36778.333333333336,266.6666666666667,305.6666666666667,-12.666666666666666,0.06,0.06333333333333334,-4.666666666666667,2832.0,2997.3333333333335,-5.666666666666667,5.333333333333333,4.333333333333333,23.333333333333332,169.66666666666666,24.0,536.3333333333334,26.666666666666668,49.333333333333336,-47.0,31.333333333333332,44.666666666666664,-30.0,149.33333333333334,214.66666666666666,-29.666666666666668,678500.0,661714.5,2.5
2019-03-15,0.5892291666666668,0.1478888888888889,4.081756944444442,,9.657951388888884,39.405555555555544,,0.0007499999999999999,-0.16810416666666664,0.03458333333333334,39.23708333333334,10,0.3272707119207533,3,10.0,93.0,108.33333333333333,-14.333333333333334,65542.0,71006.0,-8.0,3.016666666666666,2.686666666666667,12.666666666666666,3.366666666666667,3.2533333333333334,3.6666666666666665,8.866666666666667,9.200000000000001,-3.3333333333333335,4.243333333333333,3.9800000000000004,6.666666666666667,225479548.0,5180084.0,6786819.333333333,285.3333333333333,303.6666666666667,-5.333333333333333,0.05333333333333334,0.06333333333333334,-15.333333333333334,2756.3333333333335,2955.6666666666665,-6.666666666666667,5.0,4.333333333333333,13.333333333333334,17.666666666666668,26.0,-32.0,57.0,48.0,20.333333333333332,57.0,43.666666666666664,29.666666666666668,270.3333333333333,209.33333333333334,28.666666666666668,649000.0,663000.0,-2.0
2019-03-16,0.7487777777777778,0.09390972222222223,4.336847222222223,,9.902638888888891,39.420347222222254,,0.06966666666666667,-0.2661944444444446,0.0013680555555555555,39.15368055555558,10,0.298777805336888,3,10.0,98.0,106.0,-7.0,67769.0,71261.0,-4.666666666666667,2.9233333333333333,2.6833333333333336,9.333333333333334,3.396666666666667,3.223333333333333,5.666666666666667,8.833333333333334,9.233333333333334,-4.0,4.02,3.9633333333333334,1.6666666666666667,83361976.0,6878903.666666667,91301.33333333333,316.0,302.3333333333333,5.0,0.06666666666666667,0.06333333333333334,4.666666666666667,2827.3333333333335,2967.6666666666665,-5.0,4.333333333333333,4.666666666666667,-2.6666666666666665,18.0,25.333333333333332,-24.666666666666668,63.666666666666664,49.333333333333336,30.0,56.0,44.666666666666664,27.666666666666668,270.3333333333333,214.33333333333334,27.0,654500.0,667357.5,-2.0
2019-03-17,3.5325138888888894,1.1505069444444445,4.115319444444442,,9.71725,39.44013888888887,,0.012249999999999999,-0.17254166666666673,0.05270833333333333,39.26743055555555,10,0.272857826981643,3,10.0,83.33333333333333,103.66666666666667,-19.666666666666668,70517.0,70874.0,-0.3333333333333333,2.706666666666667,2.723333333333333,-1.0,3.5500000000000003,3.1933333333333334,11.666666666666666,8.633333333333335,9.200000000000001,-6.0,3.9633333333333334,3.966666666666667,0.0,16616551.666666666,7824738.0,10500.666666666666,288.6666666666667,299.6666666666667,-3.6666666666666665,0.06666666666666667,0.06333333333333334,4.666666666666667,2922.6666666666665,2956.3333333333335,-1.0,3.6666666666666665,4.666666666666667,-22.333333333333332,15.666666666666666,24.0,-32.333333333333336,73.33333333333333,50.333333333333336,46.0,53.666666666666664,46.0,18.333333333333332,260.3333333333333,220.33333333333334,19.666666666666668,665500.0,663357.0,0.5
2019-03-18,3.4506250000000005,0.8913958333333335,4.615444444444446,,10.510916666666667,39.43673611111101,,0.053124999999999985,-0.27159027777777783,0.012451388888888889,39.16486111111106,10,0.32279588499883666,3,10.0,97.66666666666667,99.66666666666667,-1.3333333333333333,69981.0,71102.0,-1.6666666666666667,2.7466666666666666,2.7933333333333334,-1.3333333333333333,3.2566666666666664,3.266666666666667,-0.3333333333333333,9.200000000000001,9.133333333333333,0.6666666666666666,4.14,3.9766666666666666,4.333333333333333,55898147.666666664,6782153.0,3325.3333333333335,298.6666666666667,302.0,-1.3333333333333333,0.06666666666666667,0.06333333333333334,8.0,2903.6666666666665,2957.3333333333335,-1.6666666666666667,5.0,4.333333333333333,15.0,20.333333333333332,21.666666666666668,-4.333333333333333,54.0,53.666666666666664,2.3333333333333335,49.666666666666664,48.0,4.0,240.33333333333334,230.66666666666666,5.0,666000.0,661571.5,0.0
2019-03-19,3.4449861111111124,1.7895416666666664,4.1520277777777785,,9.85074305555555,39.444166666666675,,0.026208333333333337,-0.2126180555555556,0.05702777777777779,39.23131944444445,10,0.32488889231019186,3,10.0,99.33333333333333,100.33333333333333,-2.0,70887.0,69472.0,2.3333333333333335,2.6033333333333335,2.8666666666666667,-9.333333333333334,3.1999999999999997,3.3966666666666665,-5.666666666666667,9.166666666666666,9.0,1.6666666666666667,3.973333333333333,4.066666666666666,-2.3333333333333335,148133926.66666666,15373073.333333334,5465.333333333333,282.3333333333333,292.6666666666667,-3.3333333333333335,0.056666666666666664,0.06333333333333334,-12.0,2951.0,2890.6666666666665,2.3333333333333335,6.0,4.666666666666667,30.666666666666668,22.0,21.0,4.0,37.0,53.666666666666664,-31.0,46.333333333333336,48.666666666666664,-5.0,221.33333333333334,235.66666666666666,-6.333333333333333,668000.0,662071.5,1.0
2019-03-20,1.3333958333333333,0.2998333333333332,4.239222222222221,,10.01657638888889,39.41604166666666,,0.015125,-0.1878888888888889,0.08538194444444443,39.22777777777778,10,0.338599428011289,3,10.0,97.33333333333333,101.66666666666667,-4.666666666666667,71202.0,68603.0,4.0,2.643333333333333,2.8699999999999997,-8.0,3.19,3.4033333333333338,-6.333333333333333,9.266666666666666,9.0,2.6666666666666665,4.046666666666667,4.069999999999999,-0.6666666666666666,8823487.666666666,15434767.666666666,-51.333333333333336,285.6666666666667,289.0,-0.6666666666666666,0.05333333333333334,0.06333333333333334,-17.666666666666668,2941.0,2852.0,3.3333333333333335,4.333333333333333,5.0,-11.666666666666666,22.333333333333332,21.666666666666668,2.3333333333333335,59.666666666666664,50.666666666666664,19.0,46.333333333333336,47.666666666666664,-2.6666666666666665,225.0,231.66666666666666,-2.3333333333333335,664500.0,662285.5,0.5
2019-03-21,2.892069444444446,0.800173611111111,4.0084791666666675,,9.343694444444447,39.44520833333331,,0.005541666666666667,-0.2423958333333334,0.004722222222222225,39.202569444444414,10,0.35536792030247677,3,10.0,91.33333333333333,101.66666666666667,-11.0,65412.0,68868.0,-4.666666666666667,2.8000000000000003,2.82,-1.0,3.2433333333333336,3.36,-3.3333333333333335,9.1,8.966666666666667,1.3333333333333333,4.1066666666666665,4.05,1.3333333333333333,112437402.33333333,38583138.666666664,635.6666666666666,286.0,288.0,0.0,0.06333333333333334,0.06333333333333334,1.0,2781.6666666666665,2865.6666666666665,-2.6666666666666665,4.0,4.666666666666667,-14.0,18.333333333333332,22.0,-18.333333333333332,70.33333333333333,51.333333333333336,37.666666666666664,52.333333333333336,48.0,8.333333333333334,246.33333333333334,231.0,5.666666666666667,686000.0,662357.0,4.0
2019-03-22,48.40249305555553,40.92891666666666,6.533729166666668,,15.503041666666661,39.44993055555558,,0.017416666666666667,-0.07350694444444444,0.04509722222222222,39.37638888888895,10,0.3020804577469461,3,10.0,311.0,100.66666666666667,189.0,66125.0,69268.0,-4.666666666666667,2.6466666666666665,2.7866666666666666,-4.666666666666667,3.403333333333333,3.3266666666666667,2.3333333333333335,9.2,9.0,2.0,3.92,4.05,-3.0,10460475.333333334,38583138.666666664,115.66666666666667,256.6666666666667,288.6666666666667,-11.333333333333334,0.09000000000000001,0.06,52.0,2750.3333333333335,2876.3333333333335,-4.666666666666667,2.0,4.666666666666667,-58.333333333333336,387.3333333333333,22.0,1420.3333333333333,40.0,54.0,-24.333333333333332,21.0,48.666666666666664,-59.666666666666664,105.33333333333333,232.33333333333334,-58.666666666666664,681000.0,663143.0,2.5
2019-03-23,7.960562499999999,11.96397222222222,4.198090277777777,,10.154673611111114,39.48,,0.03166666666666666,-0.2659027777777777,0.1039375,39.21381944444445,10,0.3198688466541115,3,10.0,102.66666666666667,101.0,4.666666666666667,70334.0,68758.0,2.3333333333333335,3.436666666666666,2.7733333333333334,24.333333333333332,3.2733333333333334,3.313333333333333,-1.3333333333333333,8.966666666666667,9.033333333333333,-0.6666666666666666,4.113333333333333,4.07,1.0,12099294.666666666,17107625.666666668,-23.666666666666668,319.3333333333333,291.6666666666667,9.666666666666666,0.06333333333333334,0.06,8.0,2927.3333333333335,2869.0,2.3333333333333335,4.666666666666667,4.666666666666667,0.0,18.333333333333332,22.0,-13.666666666666666,60.333333333333336,53.333333333333336,12.666666666666666,57.0,48.333333333333336,18.666666666666668,276.3333333333333,231.0,20.0,666000.0,664214.0,0.0
2019-03-24,0.1497638888888889,0.015868055555555552,4.103062499999999,,9.70590277777778,39.44611111111117,,0.09495833333333331,-0.3135763888888891,0.0,39.13208333333334,10,0.2710427288070288,3,10.0,94.0,95.66666666666667,-1.3333333333333333,67259.0,68842.0,-2.3333333333333335,2.81,2.7266666666666666,3.0,2.9633333333333334,3.3200000000000003,-10.666666666666666,9.0,9.033333333333333,-0.3333333333333333,4.16,4.026666666666667,3.3333333333333335,262824.6666666667,13340485.0,-99.0,295.3333333333333,287.6666666666667,2.3333333333333335,0.06666666666666667,0.06666666666666667,1.0,2797.3333333333335,2868.0,-2.3333333333333335,4.666666666666667,4.666666666666667,0.0,20.666666666666668,20.333333333333332,1.3333333333333333,50.333333333333336,57.0,-11.333333333333334,47.333333333333336,50.333333333333336,-6.333333333333333,228.33333333333334,241.33333333333334,-5.666666666666667,676000.0,668785.5,1.0
2019-03-25,2.4512638888888896,0.595166666666667,4.303916666666665,,10.025423611111112,39.41854166666657,,0.14545833333333333,-0.29257638888888904,0.021576388888888895,39.125694444444434,10,0.31071911354367865,3,10.0,99.0,96.66666666666667,3.3333333333333335,65698.0,69209.0,-5.0,2.84,2.796666666666667,2.0,3.3466666666666662,3.3000000000000003,1.6666666666666667,8.799999999999999,9.066666666666666,-3.0,4.0200000000000005,4.04,-0.6666666666666666,8245872.666666667,15057689.0,-46.666666666666664,287.3333333333333,288.3333333333333,-0.3333333333333333,0.06,0.06666666666666667,-10.333333333333334,2735.0,2882.6666666666665,-5.0,4.333333333333333,4.333333333333333,1.6666666666666667,23.333333333333332,20.333333333333332,16.333333333333332,49.666666666666664,56.333333333333336,-11.0,43.333333333333336,49.0,-12.333333333333334,210.33333333333334,238.0,-12.666666666666666,681000.0,670429.0,1.5
2019-03-26,2.0782708333333333,0.5372361111111111,4.32052083333333,,10.151451388888889,39.3865277777778,,0.14624999999999996,-0.25876388888888896,0.011986111111111114,39.12756944444446,10,0.27067449170254454,3,10.0,100.66666666666667,97.33333333333333,2.6666666666666665,68957.0,68743.0,0.3333333333333333,2.6233333333333335,2.8166666666666664,-6.333333333333333,3.366666666666667,3.2133333333333334,5.0,9.066666666666668,9.166666666666666,-1.0,4.113333333333333,4.07,1.0,57785600.0,7068127.333333333,1295.3333333333333,319.0,289.0,10.666666666666666,0.07666666666666667,0.06666666666666667,16.666666666666668,2864.0,2864.6666666666665,0.3333333333333333,4.333333333333333,4.0,11.0,24.333333333333332,21.333333333333332,10.0,50.666666666666664,54.666666666666664,-7.0,45.666666666666664,47.333333333333336,-4.333333333333333,222.0,228.66666666666666,-4.0,693500.0,671928.5,3.0
2019-03-27,3.2047916666666665,0.9185624999999997,4.356118055555554,,10.491104166666668,39.3633333333333,,0.01995833333333333,-0.21826388888888892,0.07931250000000005,39.144722222222214,10,0.26835407266130484,2,10.0,95.0,88.5,7.0,45443.0,45953.0,-1.5,2.525,2.88,-12.5,3.1,3.25,-5.0,9.3,9.1,2.0,4.1850000000000005,4.0600000000000005,3.0,8332528.0,2879183.5,197.0,296.5,291.5,2.0,0.08,0.065,23.0,2827.0,2843.5,-0.5,4.0,4.5,-12.5,20.5,19.0,6.0,60.0,58.5,2.5,48.0,49.5,-3.5,236.0,244.0,-4.0,682000.0,674643.0,1.0
